time,datetime,latitude,longitude,depth_km,magnitude,place,url,event_id
1734307786958,2024-12-16 00:09:46,36.5002,1.4923,0,5.0,"17 km ENE of Sidi Akkacha, Algeria",https://earthquake.usgs.gov/earthquakes/eventpage/us7000nz5t,
1734232849865,2024-12-15 03:20:49,34.8619,8.7354,0,4.4,"35 km SSW of Kasserine, Tunisia",https://earthquake.usgs.gov/earthquakes/eventpage/us6000ph76,
1732752277777,2024-11-28 00:04:37,36.4168,9.4838,0,4.3,"14 km WNW of Bou Arada, Tunisia",https://earthquake.usgs.gov/earthquakes/eventpage/us7000nult,
1728982900391,2024-10-15 09:01:40,33.1723,-5.142,0,4.5,"22 km SE of Aïn Leuh, Morocco",https://earthquake.usgs.gov/earthquakes/eventpage/us7000npvs,
1728568790431,2024-10-10 13:59:50,36.9912,4.4918,0,4.5,"27 km NE of Arhribs, Algeria",https://earthquake.usgs.gov/earthquakes/eventpage/us6000nxv3,
1723589497616,2024-08-13 22:51:37,35.4614,-3.6174,0,4.1,"37 km NE of Al Hoceïma, Morocco",https://earthquake.usgs.gov/earthquakes/eventpage/us6000npvz,
1716770424609,2024-05-27 00:40:24,35.5311,-3.5066,0,4.3,"49 km NE of Al Hoceïma, Morocco",https://earthquake.usgs.gov/earthquakes/eventpage/us6000n16p,
1713617051463,2024-04-20 12:44:11,35.2614,4.6777,0,4.3,"51 km SSE of M’sila, Algeria",https://earthquake.usgs.gov/earthquakes/eventpage/us6000mu0s,
1711703698383,2024-03-29 09:14:58,36.5665,11.1401,0,4.3,"24 km SE of Menzel Heurr, Tunisia",https://earthquake.usgs.gov/earthquakes/eventpage/us7000m92l,
1710533866665,2024-03-15 20:17:46,35.4522,-3.5566,0,4.5,"41 km ENE of Al Hoceïma, Morocco",https://earthquake.usgs.gov/earthquakes/eventpage/us6000mj5v,
1707917620584,2024-02-14 13:33:40,35.6066,0.1094,0,4.6,"23 km N of Mascara, Algeria",https://earthquake.usgs.gov/earthquakes/eventpage/us7000lz5x,
1707087877418,2024-02-04 23:04:37,34.5606,-5.4315,0,4.2,"29 km SSE of Ouezzane, Morocco",https://earthquake.usgs.gov/earthquakes/eventpage/us7000lxu3,
1704181071116,2024-01-02 07:37:51,31.9412,-6.4003,0,4.3,"26 km N of Ifrane, Morocco",https://earthquake.usgs.gov/earthquakes/eventpage/us6000m13n,
1698639622060,2023-10-30 04:20:22,31.0791,-8.4399,0,4.2,"56 km WSW of Oukaïmedene, Morocco",https://earthquake.usgs.gov/earthquakes/eventpage/us7000l7h7,
1696061061474,2023-09-30 08:04:21,30.9522,-8.4088,0,4.0,"59 km WSW of Oukaïmedene, Morocco",https://earthquake.usgs.gov/earthquakes/eventpage/us6000lbw0,
1694670796342,2023-09-14 05:53:16,31.0181,-8.3703,0,4.6,"52 km WSW of Oukaïmedene, Morocco",https://earthquake.usgs.gov/earthquakes/eventpage/us7000kvnm,
1694619904786,2023-09-13 15:45:04,30.921,-8.4843,0,4.2,"62 km NE of Taroudant, Morocco",https://earthquake.usgs.gov/earthquakes/eventpage/us6000ldaf,
1694478338290,2023-09-12 00:25:38,31.022,-8.4543,0,4.0,"60 km WSW of Oukaïmedene, Morocco",https://earthquake.usgs.gov/earthquakes/eventpage/us7000kv7s,
1694332801027,2023-09-10 08:00:01,31.0743,-8.4473,0,4.2,"57 km WSW of Oukaïmedene, Morocco",https://earthquake.usgs.gov/earthquakes/eventpage/us7000kus7,
1694212244243,2023-09-08 22:30:44,31.0364,-8.3516,0,4.9,"50 km WSW of Oukaïmedene, Morocco",https://earthquake.usgs.gov/earthquakes/eventpage/us7000kufg,
1694211061405,2023-09-08 22:11:01,31.058,-8.3847,0,6.8,"Al Haouz, Morocco",https://earthquake.usgs.gov/earthquakes/eventpage/us7000kufc,
1680642368713,2023-04-04 21:06:08,35.0303,-3.9547,0,4.5,"13 km SW of Bni Bouayach, Morocco",https://earthquake.usgs.gov/earthquakes/eventpage/us6000k3jd,
1680625627259,2023-04-04 16:27:07,34.2906,8.008,0,5.0,"7 km ESE of Chebika, Tunisia",https://earthquake.usgs.gov/earthquakes/eventpage/us6000k1z0,
1680478842472,2023-04-02 23:40:42,32.6681,11.9265,0,4.1,near the coast of Libya,https://earthquake.usgs.gov/earthquakes/eventpage/us6000k1lz,
1679703273296,2023-03-25 00:14:33,35.5823,10.2062,0,4.2,"14 km SW of Sidi el Hani, Tunisia",https://earthquake.usgs.gov/earthquakes/eventpage/us6000k0m3,
1676191005805,2023-02-12 08:36:45,35.0177,-3.8262,0,4.4,"9 km S of Bni Bouayach, Morocco",https://earthquake.usgs.gov/earthquakes/eventpage/us6000jqbh,
1676185170586,2023-02-12 06:59:30,35.0455,-3.8846,0,4.1,"7 km SSW of Bni Bouayach, Morocco",https://earthquake.usgs.gov/earthquakes/eventpage/us6000jqbf,
1673098137408,2023-01-07 13:28:57,34.9885,-3.8382,0,4.4,"12 km S of Bni Bouayach, Morocco",https://earthquake.usgs.gov/earthquakes/eventpage/us7000j2t5,
1673079148095,2023-01-07 08:12:28,34.995,-3.9009,0,4.9,Morocco,https://earthquake.usgs.gov/earthquakes/eventpage/us7000j2ru,
1670401134460,2022-12-07 08:18:54,36.4851,3.0791,0,4.0,northern Algeria,https://earthquake.usgs.gov/earthquakes/eventpage/us6000j7k6,
1669806421690,2022-11-30 11:07:01,35.5367,-3.4806,0,4.4,"52 km NE of Al Hoceïma, Morocco",https://earthquake.usgs.gov/earthquakes/eventpage/us6000j5r8,
1668949414315,2022-11-20 13:03:34,36.4721,7.1179,0,4.2,"27 km W of Guelma, Algeria",https://earthquake.usgs.gov/earthquakes/eventpage/us7000is4s,
1668814362138,2022-11-18 23:32:42,35.4546,-3.6108,0,4.3,"37 km NE of Al Hoceïma, Morocco",https://earthquake.usgs.gov/earthquakes/eventpage/us7000iqvl,
1668259933733,2022-11-12 13:32:13,36.3127,3.0727,0,4.8,"24 km NE of Berrouaghia, Algeria",https://earthquake.usgs.gov/earthquakes/eventpage/us7000ipav,
1667600810471,2022-11-04 22:26:50,35.4758,-3.5546,0,4.3,"42 km NE of Al Hoceïma, Morocco",https://earthquake.usgs.gov/earthquakes/eventpage/us7000iml9,
1666356358940,2022-10-21 12:45:58,35.3062,-4.0765,0,4.3,"13 km NW of Tirhanimîne, Morocco",https://earthquake.usgs.gov/earthquakes/eventpage/us6000ivhg,
1665905536639,2022-10-16 07:32:16,35.4713,-3.4838,0,4.5,"47 km ENE of Al Hoceïma, Morocco",https://earthquake.usgs.gov/earthquakes/eventpage/us6000iv98,
1664897969753,2022-10-04 15:39:29,35.2919,-3.6514,0,4.9,"24 km NE of Imzouren, Morocco",https://earthquake.usgs.gov/earthquakes/eventpage/us6000iqqa,
1664897839100,2022-10-04 15:37:19,35.5593,-3.4635,0,4.0,"54 km NE of Al Hoceïma, Morocco",https://earthquake.usgs.gov/earthquakes/eventpage/us6000iqq9,
1663275951727,2022-09-15 21:05:51,35.4973,-3.6194,0,4.6,Strait of Gibraltar,https://earthquake.usgs.gov/earthquakes/eventpage/us7000ia5u,
1662615274516,2022-09-08 05:34:34,34.4952,10.0753,0,4.1,"21 km N of Skhira, Tunisia",https://earthquake.usgs.gov/earthquakes/eventpage/us7000i8a4,
1662568092620,2022-09-07 16:28:12,36.574,7.1699,0,4.2,"19 km SSE of Azzaba, Algeria",https://earthquake.usgs.gov/earthquakes/eventpage/us7000i627,
1661276765496,2022-08-23 17:46:05,35.4353,-3.4312,0,4.3,Strait of Gibraltar,https://earthquake.usgs.gov/earthquakes/eventpage/us7000i422,
1660508445889,2022-08-14 20:20:45,35.9373,-8.5367,0,4.1,"124 km SSE of Sagres, Portugal",https://earthquake.usgs.gov/earthquakes/eventpage/us6000iav1,
1660156395094,2022-08-10 18:33:15,35.5502,-3.6409,0,4.2,Strait of Gibraltar,https://earthquake.usgs.gov/earthquakes/eventpage/us6000ic50,
1659561597003,2022-08-03 21:19:57,35.4414,-3.6393,0,4.0,"34 km NE of Al Hoceïma, Morocco",https://earthquake.usgs.gov/earthquakes/eventpage/us6000i7uy,
1658326302653,2022-07-20 14:11:42,35.4923,-3.5369,0,4.1,"45 km NE of Al Hoceïma, Morocco",https://earthquake.usgs.gov/earthquakes/eventpage/us7000hs39,
1657943757512,2022-07-16 03:55:57,36.4458,-0.1336,0,4.4,"60 km NNW of Mostaganem, Algeria",https://earthquake.usgs.gov/earthquakes/eventpage/us6000i2yd,
1656271071060,2022-06-26 19:17:51,35.913,-0.3922,0,4.6,"14 km NW of Aïn el Bya, Algeria",https://earthquake.usgs.gov/earthquakes/eventpage/us7000hkfb,
1654538267940,2022-06-06 17:57:47,35.4506,-3.6166,0,4.0,"36 km NE of Al Hoceïma, Morocco",https://earthquake.usgs.gov/earthquakes/eventpage/us7000hggy,
1654174515177,2022-06-02 12:55:15,35.6277,-3.4835,0,4.5,"58 km NE of Al Hoceïma, Morocco",https://earthquake.usgs.gov/earthquakes/eventpage/us7000hec0,
1653855325294,2022-05-29 20:15:25,35.3156,-3.5996,0,4.4,"29 km NE of Imzouren, Morocco",https://earthquake.usgs.gov/earthquakes/eventpage/us7000hee2,
1653077488010,2022-05-20 20:11:28,35.4408,-3.5561,0,4.1,"40 km ENE of Al Hoceïma, Morocco",https://earthquake.usgs.gov/earthquakes/eventpage/us6000hmrr,
1653050149576,2022-05-20 12:35:49,35.5176,-3.4789,0,5.5,Strait of Gibraltar,https://earthquake.usgs.gov/earthquakes/eventpage/us6000hmld,
1650119767344,2022-04-16 14:36:07,35.4589,-3.477,0,4.2,"47 km ENE of Al Hoceïma, Morocco",https://earthquake.usgs.gov/earthquakes/eventpage/us6000hfbw,
1649829804909,2022-04-13 06:03:24,34.7454,6.2619,0,4.2,"23 km WNW of Zeribet el Oued, Algeria",https://earthquake.usgs.gov/earthquakes/eventpage/us7000h3cs,
1649476510226,2022-04-09 03:55:10,35.5087,-3.8224,0,4.3,"30 km NNE of Al Hoceïma, Morocco",https://earthquake.usgs.gov/earthquakes/eventpage/us7000h1v0,
1649315344463,2022-04-07 07:09:04,35.5086,-3.6711,0,4.3,"37 km NE of Al Hoceïma, Morocco",https://earthquake.usgs.gov/earthquakes/eventpage/us7000h1t0,
1647683970497,2022-03-19 09:59:30,36.847,5.1868,0,5.2,"13 km NE of Bejaïa, Algeria",https://earthquake.usgs.gov/earthquakes/eventpage/us6000h5zu,
1647668358619,2022-03-19 05:39:18,28.2419,5.6452,0,4.1,northern Algeria,https://earthquake.usgs.gov/earthquakes/eventpage/us7000gwtn,
1647578910588,2022-03-18 04:48:30,36.1905,3.0865,0,4.1,"16 km ENE of Berrouaghia, Algeria",https://earthquake.usgs.gov/earthquakes/eventpage/us6000h5lr,
1644565996568,2022-02-11 07:53:16,36.3658,-8.8696,0,4.1,"71 km S of Sagres, Portugal",https://earthquake.usgs.gov/earthquakes/eventpage/us7000gldj,
1644333480954,2022-02-08 15:18:00,35.5318,-3.6604,0,4.2,"39 km NE of Al Hoceïma, Morocco",https://earthquake.usgs.gov/earthquakes/eventpage/us7000gk24,
1643008298567,2022-01-24 07:11:38,33.2582,-4.2807,0,4.2,"Fes-Boulemane, Morocco",https://earthquake.usgs.gov/earthquakes/eventpage/us7000gei6,
1641071028199,2022-01-01 21:03:48,36.3199,-7.6651,0,4.3,"80 km SSE of Olhão, Portugal",https://earthquake.usgs.gov/earthquakes/eventpage/us7000g8da,
1640878099175,2021-12-30 15:28:19,35.3652,-3.7794,0,4.3,"19 km NE of Al Hoceïma, Morocco",https://earthquake.usgs.gov/earthquakes/eventpage/us7000gax9,
1640719515758,2021-12-28 19:25:15,36.7381,6.8615,0,4.3,"15 km SSW of Skikda, Algeria",https://earthquake.usgs.gov/earthquakes/eventpage/us7000g9yv,
1640224466211,2021-12-23 01:54:26,35.1559,-3.896,0,4.8,"4 km WNW of Imzouren, Morocco",https://earthquake.usgs.gov/earthquakes/eventpage/us6000geqa,
1637198581611,2021-11-18 01:23:01,35.4969,-3.6974,0,4.0,"34 km NE of Al Hoceïma, Morocco",https://earthquake.usgs.gov/earthquakes/eventpage/us7000fwhe,
1635018841108,2021-10-23 19:54:01,35.3958,-3.4733,0,4.2,"44 km NE of Imzouren, Morocco",https://earthquake.usgs.gov/earthquakes/eventpage/us7000fpgz,
1631923878537,2021-09-18 00:11:18,35.4828,-3.6101,0,4.2,"39 km NE of Al Hoceïma, Morocco",https://earthquake.usgs.gov/earthquakes/eventpage/us7000fdrm,
1630500719276,2021-09-01 12:51:59,35.4448,-3.6889,0,4.0,"31 km NE of Al Hoceïma, Morocco",https://earthquake.usgs.gov/earthquakes/eventpage/us7000f9px,
1630149649968,2021-08-28 11:20:49,35.4853,-3.5403,0,5.3,"44 km NE of Al Hoceïma, Morocco",https://earthquake.usgs.gov/earthquakes/eventpage/us7000f57a,
1628589726864,2021-08-10 10:02:06,35.562,-3.3107,0,4.4,"45 km NW of Melilla, Spain",https://earthquake.usgs.gov/earthquakes/eventpage/us6000f8dp,
1628309955968,2021-08-07 04:19:15,35.4578,-3.6295,0,4.3,"36 km NE of Al Hoceïma, Morocco",https://earthquake.usgs.gov/earthquakes/eventpage/us6000f337,
1627913170084,2021-08-02 14:06:10,35.4442,-3.6231,0,4.4,"35 km NE of Al Hoceïma, Morocco",https://earthquake.usgs.gov/earthquakes/eventpage/us6000f3vc,
1627894170097,2021-08-02 08:49:30,35.553,-3.9634,0,4.5,"33 km N of Al Hoceïma, Morocco",https://earthquake.usgs.gov/earthquakes/eventpage/us6000f3vb,
1627696905319,2021-07-31 02:01:45,36.3132,1.6646,0,4.4,"5 km NNW of El Abadia, Algeria",https://earthquake.usgs.gov/earthquakes/eventpage/us6000f0vh,
1627636383844,2021-07-30 09:13:03,35.4993,-3.6941,0,4.3,"35 km NE of Al Hoceïma, Morocco",https://earthquake.usgs.gov/earthquakes/eventpage/us6000f0k4,
1627635530303,2021-07-30 08:58:50,35.2794,-3.6453,0,4.6,"23 km NE of Imzouren, Morocco",https://earthquake.usgs.gov/earthquakes/eventpage/us6000f0k0,
1626722488085,2021-07-19 19:21:28,36.6973,5.6209,0,4.6,"18 km SW of Jijel, Algeria",https://earthquake.usgs.gov/earthquakes/eventpage/us7000eni2,
1626003603607,2021-07-11 11:40:03,35.4397,-3.6282,0,4.4,"34 km NE of Al Hoceïma, Morocco",https://earthquake.usgs.gov/earthquakes/eventpage/us6000eud8,
1624373673764,2021-06-22 14:54:33,35.3962,-3.7318,0,4.4,"24 km NE of Al Hoceïma, Morocco",https://earthquake.usgs.gov/earthquakes/eventpage/us6000eprm,
1624072986975,2021-06-19 03:23:06,35.4995,-3.5835,0,4.7,"42 km NE of Al Hoceïma, Morocco",https://earthquake.usgs.gov/earthquakes/eventpage/us7000eebi,
1621752136044,2021-05-23 06:42:16,35.5354,-3.7349,0,4.5,"36 km NNE of Al Hoceïma, Morocco",https://earthquake.usgs.gov/earthquakes/eventpage/us6000effz,
1621750720351,2021-05-23 06:18:40,35.4548,-3.6342,0,4.3,"35 km NE of Al Hoceïma, Morocco",https://earthquake.usgs.gov/earthquakes/eventpage/us6000efg5,
1621595455397,2021-05-21 11:10:55,35.4151,-3.6628,0,4.4,"30 km NE of Al Hoceïma, Morocco",https://earthquake.usgs.gov/earthquakes/eventpage/us6000ef2q,
1620975299538,2021-05-14 06:54:59,35.3374,-3.7105,0,4.3,"22 km ENE of Al Hoceïma, Morocco",https://earthquake.usgs.gov/earthquakes/eventpage/us7000e4pb,
1620751922638,2021-05-11 16:52:02,35.4606,-3.5802,0,4.6,"39 km NE of Al Hoceïma, Morocco",https://earthquake.usgs.gov/earthquakes/eventpage/us7000e457,
1619907006405,2021-05-01 22:10:06,35.4452,-3.6289,0,4.3,"35 km NE of Al Hoceïma, Morocco",https://earthquake.usgs.gov/earthquakes/eventpage/us7000dzcm,
1617287613714,2021-04-01 14:33:33,36.4139,7.1942,0,4.8,"21 km WSW of Guelma, Algeria",https://earthquake.usgs.gov/earthquakes/eventpage/us6000dy9p,
1616639834465,2021-03-25 02:37:14,36.8311,5.1854,0,4.6,"12 km NE of Bejaïa, Algeria",https://earthquake.usgs.gov/earthquakes/eventpage/us6000dw83,
1616628234166,2021-03-24 23:23:54,36.8879,5.2734,0,4.5,northern Algeria,https://earthquake.usgs.gov/earthquakes/eventpage/us6000dw71,
1616084503274,2021-03-18 16:21:43,36.9558,5.2711,0,4.4,"27 km NE of Bejaïa, Algeria",https://earthquake.usgs.gov/earthquakes/eventpage/us7000dkml,
1616027607553,2021-03-18 00:33:27,36.8702,5.23,0,4.7,"18 km NE of Bejaïa, Algeria",https://earthquake.usgs.gov/earthquakes/eventpage/us7000dkfe,
1616026625186,2021-03-18 00:17:05,36.9107,5.3143,0,5.0,"26 km NE of Bejaïa, Algeria",https://earthquake.usgs.gov/earthquakes/eventpage/us7000dkfb,
1616026461893,2021-03-18 00:14:21,36.9455,5.2122,0,4.6,"23 km NNE of Bejaïa, Algeria",https://earthquake.usgs.gov/earthquakes/eventpage/us6000dwmk,
1616025846698,2021-03-18 00:04:06,36.9206,5.2014,0,6.0,"21 km NNE of Bejaïa, Algeria",https://earthquake.usgs.gov/earthquakes/eventpage/us7000dker,
1616017792929,2021-03-17 21:49:52,36.4899,6.7463,0,4.5,"10 km ENE of Didouche Mourad, Algeria",https://earthquake.usgs.gov/earthquakes/eventpage/us7000dkdu,
1615833224998,2021-03-15 18:33:44,35.2868,6.2506,0,4.6,"9 km WNW of Arris, Algeria",https://earthquake.usgs.gov/earthquakes/eventpage/us7000djkd,
1614131465845,2021-02-24 01:51:05,35.6733,5.1456,0,4.7,"24 km SSW of Salah Bey, Algeria",https://earthquake.usgs.gov/earthquakes/eventpage/us6000dkjr,
1606043432132,2020-11-22 11:10:32,36.6127,6.6853,0,4.3,"18 km NNE of Didouche Mourad, Algeria",https://earthquake.usgs.gov/earthquakes/eventpage/us6000crg3,
1606017188474,2020-11-22 03:53:08,36.6442,6.8625,0,5.1,"24 km WSW of Azzaba, Algeria",https://earthquake.usgs.gov/earthquakes/eventpage/us6000crds,
1599393383041,2020-09-06 11:56:23,35.5541,-5.3362,0,4.3,"3 km SE of Tétouan, Morocco",https://earthquake.usgs.gov/earthquakes/eventpage/us7000bl6b,
1597305888379,2020-08-13 08:04:48,36.4252,2.7574,0,4.4,"4 km SSE of Chiffa, Algeria",https://earthquake.usgs.gov/earthquakes/eventpage/us6000bdvu,
1596927631183,2020-08-08 23:00:31,36.6666,1.9857,0,4.5,"41 km WNW of Hadjout, Algeria",https://earthquake.usgs.gov/earthquakes/eventpage/us6000bb8l,
1596798814544,2020-08-07 11:13:34,36.5773,6.3168,0,4.5,"8 km NE of Sidi Mérouane, Algeria",https://earthquake.usgs.gov/earthquakes/eventpage/us6000baiw,
1596780937835,2020-08-07 06:15:37,36.5497,6.2708,0,5.0,"3 km NNE of Sidi Mérouane, Algeria",https://earthquake.usgs.gov/earthquakes/eventpage/us6000bag6,
1595679180471,2020-07-25 12:13:00,35.4251,-3.8678,0,4.8,"20 km NNE of Al Hoceïma, Morocco",https://earthquake.usgs.gov/earthquakes/eventpage/us6000b3z5,
1594973564146,2020-07-17 08:12:44,36.462,6.2391,0,4.6,"2 km WNW of Mila, Algeria",https://earthquake.usgs.gov/earthquakes/eventpage/us7000aq6y,
1593849579392,2020-07-04 07:59:39,35.7124,6.2539,0,4.5,"18 km NNE of Batna, Algeria",https://earthquake.usgs.gov/earthquakes/eventpage/us7000ahu7,
1593583604360,2020-07-01 06:06:44,34.3852,-4.9715,0,4.5,"34 km WSW of Taounate, Morocco",https://earthquake.usgs.gov/earthquakes/eventpage/us7000afmd,
1585206565834,2020-03-26 07:09:25,35.868,5.7575,0,5.0,"21 km WNW of Draa Klalouche, Algeria",https://earthquake.usgs.gov/earthquakes/eventpage/us70008g9a,
1582253718191,2020-02-21 02:55:18,36.7277,5.6067,0,4.5,"17 km SW of Jijel, Algeria",https://earthquake.usgs.gov/earthquakes/eventpage/us70007tzd,
1581890213345,2020-02-16 21:56:53,32.6752,-4.2435,0,4.3,"47 km E of Midelt, Morocco",https://earthquake.usgs.gov/earthquakes/eventpage/us70007rha,
1579850658855,2020-01-24 07:24:18,36.7355,5.6011,0,4.9,"17 km WSW of Jijel, Algeria",https://earthquake.usgs.gov/earthquakes/eventpage/us60007eif,
